CREATE DATABASE TORNEO_PESCA
GO
USE TORNEO_PESCA
GO
CREATE TABLE ESPECIES(
 IDESPECIE BIGINT NOT NULL PRIMARY KEY,
 ESPECIE VARCHAR(50) NOT NULL,
 PESO_MINIMO DECIMAL(10, 2)
)
GO
CREATE TABLE PARTICIPANTES(
 IDPARTICIPANTE BIGINT NOT NULL PRIMARY KEY,
 APELLIDO VARCHAR(50) NOT NULL,
 NOMBRE VARCHAR(50) NOT NULL,
 GENERO CHAR NOT NULL,
 FECHA_NACIMIENTO SMALLDATETIME NOT NULL
)
GO
CREATE TABLE CAPTURAS(
 IDCAPTURA BIGINT NOT NULL PRIMARY KEY,
 IDPARTICIPANTE BIGINT NOT NULL FOREIGN KEY REFERENCES PARTICIPANTES(IDPARTICIPANTE),
 IDESPECIE BIGINT NULL FOREIGN KEY REFERENCES ESPECIES(IDESPECIE),
 PESO DECIMAL(10,2) NOT NULL,
 FECHA_HORA SMALLDATETIME NOT NULL
)
GO
/* ESPECIES - PECES */
INSERT INTO ESPECIES (IDESPECIE, ESPECIE, PESO_MINIMO) VALUES (1, 'CARPA', 4)
INSERT INTO ESPECIES (IDESPECIE, ESPECIE, PESO_MINIMO) VALUES (2, 'DORADO', 4)
INSERT INTO ESPECIES (IDESPECIE, ESPECIE, PESO_MINIMO) VALUES (3, 'BAGRE BLANCO', 5)
INSERT INTO ESPECIES (IDESPECIE, ESPECIE, PESO_MINIMO) VALUES (4, 'BAGRE AMARILLO', 2)
INSERT INTO ESPECIES (IDESPECIE, ESPECIE, PESO_MINIMO) VALUES (5, 'BAGRE MUTANTE', 10)
INSERT INTO ESPECIES (IDESPECIE, ESPECIE, PESO_MINIMO) VALUES (6, 'MOJARRITA', 0.1)

/* PARTICIPANTES */
INSERT INTO PARTICIPANTES (IDPARTICIPANTE, APELLIDO, NOMBRE, GENERO, FECHA_NACIMIENTO) VALUES (1, 'SEINFELD', 'JERRY', 'M', '1980-1-1')
INSERT INTO PARTICIPANTES (IDPARTICIPANTE, APELLIDO, NOMBRE, GENERO, FECHA_NACIMIENTO) VALUES (2, 'COSTANZA', 'GEORGE', 'M', '1984-1-1')
INSERT INTO PARTICIPANTES (IDPARTICIPANTE, APELLIDO, NOMBRE, GENERO, FECHA_NACIMIENTO) VALUES (3, 'BENES', 'ELAINE', 'F', '1986-1-1')
INSERT INTO PARTICIPANTES (IDPARTICIPANTE, APELLIDO, NOMBRE, GENERO, FECHA_NACIMIENTO) VALUES (4, 'KRAMER', 'COSMO', 'M', '1975-1-1')

/* CAPTURAS - RESULTADO DE CAPTURAS*/
--SEINFELD, CARPA, DE NOCHE
INSERT INTO CAPTURAS (IDCAPTURA, IDPARTICIPANTE, IDESPECIE, PESO, FECHA_HORA) VALUES (1, 1, 1, 30.25, '2023/04/01 22:00')
--SEINFELD, DORADO, DE DÍA
INSERT INTO CAPTURAS (IDCAPTURA, IDPARTICIPANTE, IDESPECIE, PESO, FECHA_HORA) VALUES (2, 1, 2, 25.3, '2023/04/01 08:15')
--SEINFELD, BAGRE BLANCO, DE NOCHE
INSERT INTO CAPTURAS (IDCAPTURA, IDPARTICIPANTE, IDESPECIE, PESO, FECHA_HORA) VALUES (3, 1, 3, 4.5, '2023/04/01 23:30')
--COSTANZA, BAGRE AMARILLO, DE NOCHE
INSERT INTO CAPTURAS (IDCAPTURA, IDPARTICIPANTE, IDESPECIE, PESO, FECHA_HORA) VALUES (4, 2, 4, 55, '2023/04/01 23:45')
--COSTANZA, PEZ FUERA DE COMPETENCIA, DE NOCHE
INSERT INTO CAPTURAS (IDCAPTURA, IDPARTICIPANTE, IDESPECIE, PESO, FECHA_HORA) VALUES (5, 2, NULL, 25, '2023/04/01 22:00')
--COSTANZA, PEZ FUERA DE COMPETENCIA, DE NOCHE
INSERT INTO CAPTURAS (IDCAPTURA, IDPARTICIPANTE, IDESPECIE, PESO, FECHA_HORA) VALUES (6, 2, NULL, 25, '2023/04/01 22:10')
--COSTANZA, CARPA, DE DÍA
INSERT INTO CAPTURAS (IDCAPTURA, IDPARTICIPANTE, IDESPECIE, PESO, FECHA_HORA) VALUES (7, 2, 3, 3.5, '2023/04/01 09:30')
--BENES, PEZ FUERA DE COMPETENCIA, DE NOCHE
INSERT INTO CAPTURAS (IDCAPTURA, IDPARTICIPANTE, IDESPECIE, PESO, FECHA_HORA) VALUES (8, 3, NULL, 85, '2023/04/01 00:40')
--BENES, BAGRE MUTANTE, DE NOCHE
INSERT INTO CAPTURAS (IDCAPTURA, IDPARTICIPANTE, IDESPECIE, PESO, FECHA_HORA) VALUES (9, 3, 5, 20, '2023/04/01 00:55')
--BENES, CARPA, DE DÍA
INSERT INTO CAPTURAS (IDCAPTURA, IDPARTICIPANTE, IDESPECIE, PESO, FECHA_HORA) VALUES (10, 3, 1, 30, '2023/04/01 10:00')
--KRAMER, CARPA, DE DÍA
INSERT INTO CAPTURAS (IDCAPTURA, IDPARTICIPANTE, IDESPECIE, PESO, FECHA_HORA) VALUES (11, 4, 1, 15, '2023/04/01 09:00')
--KRAMER, CARPA, DE NOCHE
INSERT INTO CAPTURAS (IDCAPTURA, IDPARTICIPANTE, IDESPECIE, PESO, FECHA_HORA) VALUES (12, 4, 1, 15, '2023/04/01 21:15')

